{
  "project_info": {
    "project_number": "122875742894",
    "firebase_url": "https://project-7268117758962895606.firebaseio.com",
    "project_id": "project-7268117758962895606",
    "storage_bucket": "project-7268117758962895606.appspot.com"
  },
  "client": [
    {
      "client_info": {
        "mobilesdk_app_id": "1:122875742894:android:e73f6ef67cb351de",
        "android_client_info": {
          "package_name": "com.studio.classlog"
        }
      },
      "oauth_client": [
        {
          "client_id": "122875742894-rmhiu3cmpl95qe5m7plv49vphds8jfqj.apps.googleusercontent.com",
          "client_type": 1,
          "android_info": {
            "package_name": "com.studio.classlog",
            "certificate_hash": "e37b870034d7c88879ab2102e4555b065c8ef1d4"
          }
        },
        {
          "client_id": "122875742894-d1jdq63cg714h2p403i201b930fgh0ul.apps.googleusercontent.com",
          "client_type": 3
        }
      ],
      "api_key": [
        {
          "current_key": "AIzaSyAcbntr4RMurLbVewWhTFJl2fM02ViwZ8Q"
        }
      ],
      "services": {
        "analytics_service": {
          "status": 1
        },
        "appinvite_service": {
          "status": 2,
          "other_platform_oauth_client": [
            {
              "client_id": "122875742894-d1jdq63cg714h2p403i201b930fgh0ul.apps.googleusercontent.com",
              "client_type": 3
            }
          ]
        },
        "ads_service": {
          "status": 2
        }
      }
    }
  ],
  "configuration_version": "1"
}